Japan,Romaji,Definitions
の,no,of
に,ni,On
を,wo,of
は,ha,teeth
年,nen,Year
が,ga,but
た,ta,rice field
で,de,and
て,te,hand
と,to,and
し,shi,death
月,gatsu,Month
日,nichi,Day
れ,re,Conceit
さ,sa,difference
者,mono,person
する,suru,do
も,mo,and
ます,masu,increase
利用,riyou,use
こと,koto,matter
ある,aru,be
いる,iru,Be
な,na,Named
から,kara,from
い,i,stomach
ない,nai,do not have
ページ,peeji,page
第,dai,First
へ,he,fart
や,ya,or
日本,nippon,Japan
として,toshite,As
です,desu,is
か,ka,mosquito
会話,kaiwa,conversation
削除,sakujo,delete
この,kono,this
市,shi,city
県,ken,prefecture
れる,reru,Be
あり,ari,can be
ん,n,yeah
よう,you,So
ため,tame,For
的,teki,Intended
編集,henshuu,edit
ください,kudasai,please give me
人,nin,Man
という,toiu,As
など,nado,Such
依頼,irai,request
なっ,natsu,In
名,mei,given name
版,han,Plate
でき,deki,Can
ませ,mase,Not
リンク,rinku,Link
駅,eki,station
記事,kiji,article
‐,‐,-
について,nitsuite,about
う,u,cormorant
その,sono,the
もの,mono,thing
投稿,toukou,Posting
ば,ba,palce
町,machi,town
まし,mashi,Better
なる,naru,Become
場合,baai,case
あっ,atsu,Ah
ノート,nooto,Note
号,gou,issue
方針,houshin,policy
回,kai,times
さん,san,Mr. Miss.
まで,made,to
だ,da,is
中,naka,During ~
ので,node,So
一,ichi,one
放送,housou,broadcast
後,nochi,rear
おり,ori,Welcome
人物,jinbutsu,person
署名,shomei,signature
本,hon,Book
において,nioite,In
家,ie,House
られ,rare,Be
また,mata,again
選手,senshu,player
お,o,oh
活動,katsudou,Activity
東京,toukyou,Tokyo
画像,gazou,image
会,kai,Meeting
学校,gakkou,school
映画,eiga,movie